cluster,n_cells,percentage
0,9115,24.10291667768464
1,8845,23.388952058597983
2,10568,27.94510405373245
3,9289,24.563027209984927
